id;birthdate;buts_e;buts_m;club;matchs_j;meilleur pied;nom;pass_d;poids;poste;prenom;salaire;taille
0;1991-06-14;0.0;0.0;17;0.0;Right;N'DIAYE;0.0;75.0;Attaquant;Alassane;0.0125;180.0
1;1989-04-07;60.0;0.0;17;32.0;Right;LEROY;0.0;75.0;Gardien;Benjamin;0.024167;184.0
2;1991-12-04;0.0;0.0;17;0.0;Right;ALHADHUR;0.0;65.0;Défenseur;Chaker;0.0075;172.0
3;2000-06-18;0.0;1.0;17;26.0;Right;VIDAL;0.0;76.0;Défenseur;Clément;0.001667;181.0
4;1996-05-24;0.0;1.0;17;33.0;Right;BAYALA;1.0;68.0;Attaquant;Cyrille;0.005833;181.0
5;1986-09-11;0.0;1.0;17;24.0;Right;AVINEL;0.0;85.0;Défenseur;Cédric;0.029167;187.0
6;1996-01-09;0.0;0.0;17;11.0;Right;MAYEMBO;0.0;86.0;Défenseur;Fernand;0.025;184.0
7;1998-04-07;0.0;0.0;17;7.0;Right;CHABROLLE;0.0;65.0;Milieu;Florian;0.001667;171.0
8;1994-03-21;14.0;0.0;17;6.0;Right;SOLLACARO;0.0;76.0;Gardien;Francois-Joseph;0.008333;182.0
9;2002-09-01;0.0;0.0;17;1.0;Right;QUILICHINI;0.0;79.0;Gardien;Ghjuvanni;0.0075;185.0
10;2002-09-01;0.0;0.0;17;28.0;Right;DIALLO;0.0;70.0;Défenseur;Ismaël;0.005833;182.0
11;2002-08-07;0.0;0.0;17;8.0;Left;BOTUE;0.0;74.0;Attaquant;Jean;0.003;184.0
12;1986-03-20;0.0;0.0;17;27.0;Right;COUTADEUR;0.0;67.0;Milieu;Mathieu;0.019167;169.0
13;1986-03-20;0.0;0.0;17;4.0;Right;PUCH;0.0;67.0;Milieu;Mehdi;0.016;169.0
14;1991-01-18;0.0;1.0;17;20.0;Right;BARRETO;1.0;67.0;Milieu;Michaël;0.008333;175.0
15;1989-07-12;0.0;0.0;17;26.0;Right;ALPHONSE;0.0;79.0;Défenseur;Mickaël;0.02;182.0
16;1988-03-26;0.0;0.0;17;30.0;Right;YOUSSOUF;0.0;65.0;Défenseur;Mohamed;0.008333;169.0
17;1992-03-14;0.0;6.0;17;23.0;Right;BELAÏLI;5.0;75.0;Attaquant;Youcef;0.063333;178.0
18;1999-02-10;0.0;6.0;17;32.0;Right;EL IDRISSY;0.0;72.0;Attaquant;Mounaim;0.001667;181.0
19;1999-10-04;0.0;0.0;17;6.0;Right;DJITTE;0.0;75.0;Attaquant;Moussa;0.050833;180.0
20;1998-02-25;0.0;0.0;17;30.0;Right;GONZALEZ;0.0;87.0;Défenseur;Oumar;0.011667;187.0
21;1985-06-07;0.0;1.0;17;33.0;Right;NOURI;2.0;73.0;Attaquant;Riad;0.0125;178.0
22;1987-03-29;0.0;2.0;17;19.0;Right;HAMOUMA;2.0;76.0;Attaquant;Romain;0.07;178.0
23;1999-01-19;0.0;0.0;17;3.0;Right;LEVINE;0.0;71.0;Attaquant;Ruan;0.004167;177.0
24;1987-04-29;0.0;1.0;17;26.0;Left;MANGANI;1.0;79.0;Milieu;Thomas;0.05;183.0
25;1997-07-04;0.0;0.0;17;31.0;Left;MARCHETTI;2.0;71.0;Milieu;Vincent;0.03;181.0
26;2002-01-22;0.0;0.0;17;8.0;Right;CIMIGNANI;0.0;71.0;Milieu;Yanis;0.001667;176.0
27;1986-11-29;0.0;0.0;17;11.0;Right;TOUZGHAR;0.0;75.0;Attaquant;Yoann;0.0125;179.0
28;1995-07-05;0.0;0.0;17;13.0;Left;KONE;0.0;71.0;Défenseur;Youssouf;0.113333;174.0
29;1995-05-30;0.0;1.0;2;28.0;Right;ZEDADKA;0.0;72.0;Défenseur;Akim;0.065;173.0
30;1996-09-07;0.0;0.0;2;12.0;Right;DEMBELE;0.0;67.0;Attaquant;Siriki;0.038333;173.0
31;1992-06-06;0.0;2.0;2;38.0;Right;TOURE;0.0;73.0;Milieu;Birama;0.038333;183.0
32;1993-07-02;0.0;0.0;2;2.0;Right;BAIN;0.0;74.0;Défenseur;Denys;0.03;181.0
33;1992-11-03;2.0;0.0;2;2.0;Right;LEON;0.0;94.0;Gardien;Donovan;0.043333;187.0
34;1997-11-07;0.0;0.0;2;0.0;Right;OWUSU;0.0;72.0;Milieu;Elisha;0.033333;182.0
35;1996-06-07;0.0;3.0;2;37.0;Right;PERRIN;1.0;63.0;Attaquant;Gaetan;0.025833;169.0
36;1996-08-07;0.0;2.0;2;35.0;Left;HEIN;0.0;65.0;Milieu;Gauthier;0.025;170.0
37;1998-07-18;0.0;0.0;2;26.0;Left;MENSAH;0.0;64.0;Défenseur;Gideon;0.035;178.0
38;1996-06-07;0.0;1.0;2;27.0;Right;SAKHI;2.0;69.0;Milieu;Hamza;0.0225;176.0
39;2001-07-07;0.0;0.0;2;14.0;Right;MASSENGO;0.0;70.0;Milieu;Han-Noah;0.026667;175.0
40;1993-03-31;0.0;1.0;2;22.0;Right;JEANVIER;0.0;84.0;Défenseur;Julian;0.0225;185.0
41;1996-03-07;0.0;0.0;2;2.0;Left;BOTO;0.0;71.0;Défenseur;Kenji-Van;0.0125;183.0
42;1996-03-07;0.0;0.0;2;1.0;Left;DANOIS;0.0;71.0;Milieu;Kevin;0.003333;183.0
43;2000-03-28;0.0;0.0;2;0.0;Right;CHAPELLE;0.0;70.0;Défenseur;Kryss;0.015;174.0
44;2002-08-16;0.0;0.0;2;0.0;Left;SILVESTRE;0.0;70.0;Attaquant;Kylian;0.003333;183.0
45;1999-12-08;0.0;1.0;2;33.0;Right;SINAYOKO;2.0;81.0;Attaquant;Lassine;0.005;186.0
46;1991-03-01;0.0;2.0;2;23.0;Right;AUTRET;2.0;71.0;Milieu;Mathias;0.026667;179.0
47;2003-03-28;0.0;3.0;2;30.0;Right;ABLINE;2.0;81.0;Attaquant;Matthis;0.0025;182.0
48;1994-12-19;0.0;6.0;2;30.0;Right;NIANG;0.0;75.0;Attaquant;Mbaye;0.07;184.0
49;1994-07-23;0.0;5.0;2;33.0;Right;DA COSTA;4.0;75.0;Attaquant;Nuno;0.025;180.0
50;2003-03-06;0.0;0.0;37;9.0;Right;CAMARA;0.0;90.0;Milieu;Ousmane;0.005;197.0
51;1998-12-19;0.0;0.0;2;0.0;Left;CAMARA;0.0;80.0;Milieu;Ousoumane;0.005;184.0
52;1997-01-16;0.0;2.0;2;34.0;Right;RAVELOSON;1.0;73.0;Milieu;Rayan;0.06;182.0
53;2003-03-28;0.0;1.0;2;24.0;Left;TOURE;0.0;98.0;Défenseur;Isaak;0.054;206.0
54;2001-02-02;0.0;0.0;2;0.0;Right;DE PERCIN;0.0;81.0;Gardien;Theo;0.0025;185.0
55;1994-03-04;0.0;0.0;2;2.0;Left;PELLENARD;0.0;78.0;Défenseur;Théo;0.036667;182.0
56;2001-12-21;0.0;0.0;2;0.0;Left;COZZELLA;0.0;75.0;Gardien;Vincenzo;0.003333;190.0
57;1990-08-29;0.0;0.0;2;26.0;Right;M'CHANGAMA;0.0;69.0;Milieu;Youssouf;0.04;175.0
58;2001-06-17;0.0;5.0;37;34.0;Right;SIMA;1.0;74.0;Attaquant;Abdallah;0.103333;188.0
59;1990-04-25;0.0;0.0;37;21.0;Right;BAMBA;0.0;72.0;Défenseur;Abdoulaye;0.0275;182.0
60;1994-01-19;0.0;4.0;37;34.0;Right;HUNOU;1.0;70.0;Attaquant;Adrien;0.08;179.0
61;1998-04-23;0.0;0.0;37;0.0;Left;KALLA;0.0;68.0;Milieu;Ali;0.005;172.0
62;2000-07-18;0.0;3.0;37;25.0;Right;SALAMA;1.0;78.0;Milieu;Amine;0.02;192.0
63;2002-12-30;0.0;0.0;37;0.0;Left;YOUSFI;0.0;71.0;Milieu;Ayoub;0.034;179.0
64;2000-01-12;0.0;0.0;37;35.0;Right;MENDY;0.0;82.0;Milieu;Batista;0.045833;191.0
65;1994-01-19;0.0;0.0;37;36.0;Right;HOUNTONDJI;0.0;81.0;Défenseur;Cédric;0.0525;194.0
66;1991-02-01;0.0;0.0;37;7.0;Left;GHOULAM;0.0;80.0;Défenseur;Faouzi;0.090833;188.0
67;1997-05-05;0.0;0.0;37;17.0;Right;EL MELALI;0.0;65.0;Milieu;Farid;0.024167;168.0
68;1999-08-22;0.0;2.0;37;15.0;Right;SABANOVIC;0.0;75.0;Défenseur;Halid;0.0075;182.0
69;1999-11-17;0.0;2.0;37;30.0;Right;ABDELLI;2.0;81.0;Milieu;Himad;0.01;185.0
70;1999-03-11;0.0;2.0;37;16.0;Right;NIANE;0.0;73.0;Attaquant;Ibrahima;0.05;187.0
71;1995-01-22;0.0;0.0;37;6.0;Left;CHETTI;0.0;70.0;Défenseur;Ilyes;0.02;176.0
72;1999-03-11;0.0;0.0;37;0.0;Right;DRAME;0.0;73.0;Défenseur;Ismael;0.039;187.0
73;1999-11-01;0.0;0.0;37;2.0;Left;MBOCK;0.0;67.0;Attaquant;Jason;0.003333;174.0
74;2005-05-07;0.0;0.0;37;10.0;Right;BAHOYA;0.0;76.0;Attaquant;Jean-Mattéo;0.0025;180.0
75;1992-12-20;0.0;1.0;37;11.0;Right;DIONY;0.0;82.0;Attaquant;Loïs;0.09;183.0
76;1996-12-26;0.0;0.0;37;1.0;Right;JAKOLIS;0.0;74.0;Attaquant;Marin;0.020833;182.0
77;2002-03-16;0.0;0.0;37;0.0;Right;ZINGA;0.0;80.0;Gardien;Melvin;0.004167;187.0
78;1993-05-08;0.0;2.0;37;24.0;Right;BLAZIC;0.0;78.0;Défenseur;Miha;0.06;185.0
79;1994-11-24;0.0;4.0;37;30.0;Left;BENTALEB;4.0;78.0;Milieu;Nabil;0.065;187.0
80;1997-04-18;62.0;0.0;37;27.0;Left;BERNARDONI;0.0;78.0;Gardien;Paul;0.1;190.0
81;1987-04-15;0.0;0.0;37;26.0;Left;CAPELLE;3.0;73.0;Milieu;Pierrick;0.045;181.0
82;1995-06-01;0.0;1.0;37;27.0;Left;THIOUB;2.0;75.0;Attaquant;Sada;0.028333;179.0
83;1996-09-24;0.0;0.0;37;24.0;Left;DOUMBIA;0.0;64.0;Défenseur;Souleyman;0.056667;175.0
84;2002-07-15;0.0;0.0;37;0.0;Right;BORNE;0.0;74.0;Gardien;Théo;0.004167;191.0
85;2001-05-22;0.0;0.0;37;0.0;Right;ENEME-ELLA;0.0;75.0;Attaquant;Ulrick;0.014;184.0
86;2002-03-07;0.0;0.0;37;11.0;Right;TAÏBI;0.0;70.0;Milieu;Waniss;0.0125;184.0
87;2000-08-21;19.0;0.0;37;11.0;Right;FOFANA;0.0;89.0;Gardien;Yahia;0.005;194.0
88;1999-02-22;0.0;0.0;37;30.0;Right;VALERY;0.0;85.0;Défenseur;Yan;0.09;180.0
89;2002-02-14;0.0;0.0;37;0.0;Right;BELKHDIM;0.0;70.0;Milieu;Yassin;0.0025;175.0
90;2000-01-14;0.0;0.0;37;4.0;Right;OULD KHALED;0.0;79.0;Milieu;Zinedine;0.005;195.0
91;2000-01-14;0.0;0.0;9;0.0;Right;JIDDOU;0.0;79.0;Milieu;Salam;0.003;195.0
92;1996-05-30;0.0;8.0;9;34.0;Right;GOLOVIN;7.0;69.0;Milieu;Aleksandr;0.3;180.0
93;1996-09-30;58.0;0.0;9;38.0;Right;NÜBEL;0.0;86.0;Gardien;Alexander;0.416667;193.0
94;2000-12-06;0.0;0.0;9;0.0;Right;MUSABA;0.0;72.0;Attaquant;Anthony;0.308;182.0
95;2001-10-04;0.0;0.0;9;0.0;Left;ZAGRE;0.0;60.0;Attaquant;Arthur;0.055;168.0
96;1998-03-11;0.0;3.0;9;38.0;Right;DISASI;3.0;86.0;Défenseur;Axel;0.06;190.0
97;1997-02-14;0.0;12.0;9;32.0;Right;EMBOLO;3.0;88.0;Attaquant;Breel;0.335;187.0
98;1997-07-31;0.0;1.0;9;35.0;Left;CAIO HENRIQUE;9.0;70.0;Défenseur;CAIO HENRIQU;0.225;178.0
99;2002-05-15;0.0;0.0;9;14.0;Right;MATSIMA;1.0;80.0;Défenseur;Chrislain;0.031667;193.0
100;2005-02-16;0.0;4.0;9;19.0;Right;BEN SEGHIR;1.0;71.0;Milieu;Eliesse;0.04;174.0
101;2002-02-15;0.0;1.0;9;23.0;Right;MATAZO;0.0;67.0;Milieu;Eliot;0.003333;170.0
102;1995-05-11;0.0;0.0;9;11.0;Right;MARTINS;0.0;74.0;Attaquant;Gelson;0.3;170.0
103;1994-05-06;0.0;3.0;9;26.0;Right;MARIPAN;0.0;83.0;Défenseur;Guillermo;0.15;190.0
104;1999-08-17;0.0;0.0;9;32.0;Left;JAKOBS;1.0;75.0;Milieu;Ismail;0.054167;184.0
105;1998-06-22;0.0;0.0;9;6.0;Right;LUCAS;0.0;78.0;Milieu;Jean;0.066667;179.0
106;2000-02-12;0.0;0.0;9;0.0;Right;MARCELIN;0.0;82.0;Défenseur;Harisson;0.017;197.0
107;1992-07-30;0.0;3.0;9;17.0;Left;VOLLAND;2.0;85.0;Attaquant;Kevin;0.3;179.0
108;1999-02-25;0.0;4.0;9;31.0;Right;DIATTA;1.0;69.0;Attaquant;Krépin;0.25;175.0
109;2002-02-25;0.0;0.0;9;11.0;Left;AKLIOUCHE;0.0;63.0;Milieu;Maghnes;0.01;183.0
110;1999-01-23;0.0;0.0;9;13.0;Left;SARR;0.0;75.0;Défenseur;Malang;0.601667;183.0
111;2000-01-06;0.0;0.0;9;29.0;Right;CAMARA;3.0;65.0;Milieu;Mohamed;0.1;173.0
112;2001-01-14;0.0;3.0;9;12.0;Right;BOADU;0.0;67.0;Attaquant;Myron;0.1175;181.0
113;1999-11-16;0.0;0.0;9;0.0;Right;MAJECKI;0.0;78.0;Gardien;Radoslaw;0.103;193.0
114;1993-04-26;0.0;0.0;9;20.0;Right;AGUILAR;0.0;71.0;Défenseur;Ruben;0.125;170.0
115;1995-01-16;0.0;1.0;9;18.0;Right;MINAMINO;3.0;67.0;Attaquant;Takumi;0.383333;172.0
116;1995-11-28;0.0;0.0;9;0.0;Left;DIDILLON;0.0;88.0;Gardien;Thomas;0.028333;191.0
117;2002-03-14;0.0;0.0;9;0.0;Left;RIBEIRO;0.0;73.0;Défenseur;Tiago;0.025;185.0
118;1978-01-15;0.0;1.0;9;31.0;Right;VANDERSON;4.0;76.0;Défenseur;VANDERSO;0.25;183.0
119;1990-08-12;0.0;19.0;9;32.0;Right;BEN YEDDER;5.0;68.0;Attaquant;Wissam;0.65;170.0
120;2003-03-16;0.0;0.0;9;0.0;Right;LIENARD;0.0;82.0;Gardien;Yann;0.005;192.0
121;2002-12-23;0.0;0.0;9;0.0;Left;OKOU;0.0;77.0;Défenseur;Yllan;0.0075;180.0
122;1999-01-10;0.0;2.0;9;36.0;Right;FOFANA;2.0;74.0;Milieu;Youssouf;0.023333;185.0
123;1999-05-06;0.0;1.0;44;18.0;Right;DARI;0.0;82.0;Défenseur;Achraf;0.04;188.0
124;1996-02-12;0.0;0.0;44;10.0;Right;ELIS;0.0;82.0;Attaquant;Alberth;0.016667;185.0
125;2002-05-06;0.0;0.0;44;22.0;Left;LOCKO;0.0;65.0;Défenseur;Bradley;0.003333;180.0
126;1994-12-22;0.0;0.0;44;30.0;Right;CHARDONNET;0.0;74.0;Défenseur;Brendan;0.045;181.0
127;1992-08-22;0.0;0.0;44;16.0;Right;HERELLE;0.0;79.0;Défenseur;Christophe;0.055;188.0
128;1996-08-11;0.0;6.0;44;33.0;Right;HONORAT;6.0;70.0;Milieu;Franck;0.05;180.0
129;2003-08-07;0.0;0.0;44;13.0;Right;LEMARECHAL;0.0;73.0;Milieu;Félix;0.004167;180.0
130;1999-04-03;0.0;0.0;44;0.0;Left;COUDERT;0.0;83.0;Gardien;Grégoire;0.0025;188.0
131;1994-01-28;0.0;2.0;44;38.0;Right;BELKEBLA;0.0;68.0;Milieu;Haris;0.045;177.0
132;1998-05-30;0.0;1.0;44;32.0;Right;MAGNETTI;1.0;75.0;Milieu;Hugo;0.004167;180.0
133;1997-07-12;0.0;0.0;44;34.0;Right;DUVERNE;0.0;71.0;Défenseur;Jean-Kévin;0.018333;184.0
134;1994-07-13;0.0;0.0;44;6.0;Left;URONEN;1.0;69.0;Défenseur;Jere;0.04;177.0
135;2001-01-28;0.0;0.0;44;1.0;Right;BLAZQUEZ;0.0;87.0;Gardien;Joaquin;0.01;193.0
136;2003-03-21;0.0;0.0;44;0.0;Right;ESCARTIN;0.0;85.0;Milieu;Josue;0.004167;193.0
137;1998-04-21;0.0;10.0;44;32.0;Left;LE DOUARON;3.0;78.0;Attaquant;Jérémy;0.03;189.0
138;2003-02-22;0.0;0.0;44;15.0;Left;DEMBELE;0.0;65.0;Milieu;Karamoko;0.005;167.0
139;1991-10-03;0.0;0.0;44;17.0;Right;LALA;2.0;78.0;Milieu;Kenny;0.06;178.0
140;1999-11-02;0.0;0.0;44;36.0;Left;BRASSIER;0.0;78.0;Défenseur;Lilian;0.0075;186.0
141;1987-01-02;0.0;0.0;44;0.0;Right;REMY;0.0;82.0;Attaquant;Loic;0.075;185.0
142;1991-03-10;54.0;0.0;44;37.0;Right;BIZOT;0.0;88.0;Gardien;Marco;0.045;193.0
143;1996-11-30;0.0;2.0;44;24.0;Right;PEREIRA LAGE;2.0;69.0;Milieu;Mathias;0.0425;180.0
144;1999-12-03;0.0;1.0;44;21.0;Right;FADIGA;0.0;76.0;Défenseur;Noah;0.0175;187.0
145;1993-05-25;0.0;5.0;44;32.0;Right;LEES-MELOU;5.0;70.0;Milieu;Pierre;0.17;186.0
146;1996-03-29;0.0;6.0;44;27.0;Left;DEL CASTILLO;6.0;65.0;Milieu;Romain;0.045;172.0
147;1994-09-29;0.0;6.0;44;23.0;Right;MOUNIE;0.0;83.0;Attaquant;Steve;0.07;190.0
148;2003-11-12;0.0;0.0;44;4.0;Right;ARCONTE;0.0;76.0;Attaquant;Tairyk;0.005;181.0
149;1989-02-01;0.0;0.0;40;28.0;Right;SEIDU;0.0;80.0;Défenseur;Alidu;0.025;184.0
150;2001-06-24;0.0;0.0;40;6.0;Left;DIALLO;0.0;70.0;Défenseur;Baïla;0.008333;176.0
151;1993-05-09;0.0;3.0;40;32.0;Left;RASHANI;3.0;71.0;Milieu;Elbasan;0.011667;181.0
152;1989-03-21;0.0;0.0;40;26.0;Right;OGIER;1.0;73.0;Défenseur;Florent;0.035;183.0
153;1995-08-12;0.0;10.0;40;37.0;Right;KYEI;3.0;90.0;Attaquant;Grejohn;0.025;188.0
154;1995-02-27;0.0;1.0;40;36.0;Right;ALLEVINAH;1.0;70.0;Milieu;Jim;0.010833;172.0
155;1988-01-25;0.0;4.0;40;31.0;Right;GASTIEN;3.0;69.0;Milieu;Johan;0.045;179.0
156;1993-04-08;0.0;1.0;40;19.0;Right;BELA;1.0;71.0;Milieu;Jérémie;0.055;173.0
157;1995-07-01;0.0;4.0;40;34.0;Right;ANDRIC;2.0;86.0;Attaquant;Komnen;0.025;189.0
158;2001-02-12;0.0;0.0;40;0.0;Right;MARGUERON;0.0;85.0;Gardien;Lucas;0.0025;194.0
159;1997-02-11;0.0;0.0;40;35.0;Right;WIETESKA;1.0;77.0;Défenseur;Mateusz;0.0225;187.0
160;1989-03-10;0.0;1.0;40;25.0;Right;GONALONS;0.0;76.0;Milieu;Maxime;0.065;187.0
161;1997-02-16;0.0;1.0;40;26.0;Right;CAUFRIEZ;0.0;83.0;Défenseur;Maximiliano;0.044167;189.0
162;1992-05-19;0.0;1.0;40;18.0;Right;ZEFFANE;1.0;71.0;Défenseur;Mehdi;0.02;176.0
163;1993-06-22;47.0;0.0;40;37.0;Right;DIAW;0.0;98.0;Gardien;Mory;0.0275;197.0
164;2000-09-26;0.0;7.0;40;38.0;Left;CHAM;4.0;67.0;Milieu;Muhammed;0.0225;180.0
165;1998-04-22;2.0;0.0;40;1.0;Left;DJOCO;0.0;90.0;Gardien;Ouparine;0.001667;188.0
166;1995-04-27;0.0;7.0;40;34.0;Left;KHAOUI;3.0;68.0;Milieu;Saïf-Eddine;0.008333;180.0
167;1991-07-30;0.0;0.0;40;2.0;Right;CISSE;0.0;70.0;Défenseur;Souleymane;0.0025;172.0
168;1996-06-22;0.0;3.0;40;33.0;Right;BORGES;1.0;83.0;Défenseur;Neto;0.0375;188.0
169;2002-10-15;0.0;0.0;40;0.0;Right;KAMDEM;0.0;70.0;Défenseur;Oliver;0.038;176.0
170;2000-08-09;0.0;0.0;40;0.0;Right;DIABY;0.0;76.0;Attaquant;Yadaly;0.001;184.0
171;2002-09-20;0.0;0.0;40;6.0;Left;MASSOLIN;0.0;78.0;Milieu;Yanis;0.0025;197.0
172;1997-06-21;0.0;0.0;40;38.0;Right;MAGNIN;0.0;71.0;Milieu;Yohann;0.015;183.0
173;2002-07-15;0.0;0.0;7;11.0;Right;AOUCHICHE;0.0;72.0;Milieu;Adil;0.03;181.0
174;2001-12-03;0.0;1.0;7;17.0;Right;MEITE;0.0;75.0;Défenseur;Bamo;0.004167;183.0
175;1996-01-20;0.0;0.0;7;25.0;Right;INNOCENT;0.0;80.0;Milieu;Bonke;0.0225;178.0
176;1991-08-19;0.0;0.0;7;0.0;Right;DOUMBIA;0.0;65.0;Attaquant;Cheick;0.01;170.0
177;2000-03-23;0.0;4.0;7;25.0;Right;DIENG;1.0;72.0;Attaquant;Bamba;0.0375;178.0
178;2002-04-08;0.0;0.0;7;12.0;Right;DOUCOURE;1.0;75.0;Attaquant;Siriné;0.0075;193.0
179;2000-09-22;0.0;1.0;7;14.0;Left;YONGWA;2.0;65.0;Défenseur;Darlin;0.0175;174.0
180;2000-02-03;0.0;5.0;7;35.0;Right;LE FEE;5.0;58.0;Milieu;Enzo;0.008333;170.0
181;1997-08-29;0.0;0.0;7;29.0;Right;KALULU;4.0;74.0;Défenseur;Gédéon;0.045;176.0
182;1999-06-16;0.0;7.0;7;37.0;Left;KONE;1.0;83.0;Attaquant;Ibrahima;0.020833;190.0
183;1996-08-21;0.0;0.0;7;7.0;Right;SILVA;0.0;66.0;Défenseur;Igor;0.079;173.0
184;1996-08-21;0.0;0.0;7;0.0;Right;JAMES;0.0;66.0;Défenseur;Isaac;0.079;173.0
185;1998-06-12;0.0;0.0;7;15.0;Left;MAKENGO;0.0;75.0;Milieu;Jean-Victor;0.075;177.0
186;2002-11-12;0.0;0.0;7;0.0;Right;MVUKA;0.0;65.0;Milieu;Joel;0.023;173.0
187;1994-08-16;0.0;0.0;7;0.0;Right;POLLERSBECK;0.0;85.0;Gardien;Julian;0.084167;195.0
188;1993-11-04;0.0;0.0;7;20.0;Right;LAPORTE;0.0;82.0;Défenseur;Julien;0.036667;185.0
189;2000-11-28;0.0;1.0;7;30.0;Right;PONCEAU;3.0;62.0;Milieu;Julien;0.0325;170.0
190;1993-02-01;0.0;0.0;7;29.0;Right;ABERGEL;1.0;65.0;Milieu;Laurent;0.02;170.0
191;1996-02-29;0.0;1.0;7;38.0;Left;TALBI;2.0;76.0;Défenseur;Montassar;0.0475;187.0
192;1999-04-30;0.0;0.0;7;0.0;Right;JENZ;0.0;86.0;Défenseur;Moritz;0.021;190.0
193;1999-04-30;0.0;0.0;7;0.0;Right;DOUMBOUYA;0.0;86.0;Milieu;Malamine;0.021;190.0
194;1998-07-14;0.0;5.0;7;26.0;Left;FAIVRE;5.0;69.0;Milieu;Romain;0.1;180.0
195;1998-12-09;0.0;2.0;7;28.0;Left;DIARRA;0.0;58.0;Attaquant;Stéphane;0.018333;173.0
196;1997-06-05;0.0;0.0;7;0.0;Right;BARTOUCHE-SELBONNE;0.0;70.0;Gardien;Teddy;0.0025;178.0
197;2002-10-01;0.0;2.0;7;27.0;Right;LE BRIS;2.0;65.0;Milieu;Théo;0.015;170.0
198;1989-10-15;0.0;0.0;7;37.0;Left;LE GOFF;0.0;69.0;Défenseur;Vincent;0.020833;177.0
199;1988-03-02;24.0;0.0;7;18.0;Right;MANNONE;0.0;77.0;Gardien;Vito;0.02;189.0
200;2002-07-22;0.0;1.0;7;23.0;Right;CATHLINE;1.0;68.0;Attaquant;Yoann;0.015;176.0
201;1994-06-06;29.0;0.0;7;21.0;Right;MVOGO;0.0;93.0;Gardien;Yvon;0.06;189.0
202;1999-01-23;54.0;0.0;12;37.0;Right;LAFONT;0.0;90.0;Gardien;Alban;0.085;196.0
203;1992-02-17;0.0;1.0;12;36.0;Right;GIROTTO;1.0;79.0;Défenseur;Andrei;0.09;186.0
204;1991-10-09;0.0;6.0;12;26.0;Right;DELORT;1.0;83.0;Attaquant;Andy;0.21;181.0
205;1992-01-01;0.0;0.0;12;12.0;Left;TRAORE;0.0;74.0;Défenseur;Charles;0.045;180.0
206;1992-01-01;0.0;0.0;12;0.0;Left;YAFFA;0.0;74.0;Défenseur;Cheickné;0.043;180.0
207;1988-05-24;0.0;0.0;12;0.0;Right;PETRIC;0.0;80.0;Gardien;Denis;0.018333;187.0
208;1988-05-24;0.0;0.0;12;0.0;Right;LUKOKI MATESO;0.0;80.0;Attaquant;Edoly;0.02;186.0
209;2001-07-01;0.0;3.0;12;30.0;Right;GUESSAND;1.0;79.0;Attaquant;Evann;0.025;185.0
210;1996-01-16;0.0;0.0;12;23.0;Right;CENTONZE;1.0;75.0;Défenseur;Fabien;0.078333;182.0
211;1991-11-19;0.0;1.0;12;19.0;Right;MOLLET;2.0;68.0;Milieu;Florent;0.136667;174.0
212;2002-04-09;0.0;0.0;12;0.0;Right;MANVELYAN;0.0;68.0;Attaquant;Gor;0.001667;180.0
213;1999-02-16;0.0;5.0;12;32.0;Right;GANAGO;3.0;78.0;Attaquant;Ignatius;0.065;176.0
214;2003-03-26;0.0;0.0;12;13.0;Left;HADJAM;0.0;83.0;Défenseur;Jaouen;0.020833;184.0
215;1995-01-26;0.0;0.0;12;32.0;Right;CASTELLETTO;0.0;78.0;Défenseur;Jean-Charles;0.045;186.0
216;1992-08-21;0.0;0.0;12;13.0;Left;VICTOR;1.0;73.0;Défenseur;Joao;0.135833;185.0
217;2002-06-29;0.0;0.0;12;0.0;Right;AFFAMAH;0.0;70.0;Attaquant;Joe-Loïc;0.003333;175.0
218;2002-09-14;0.0;0.0;12;9.0;Right;DOUCET;0.0;75.0;Milieu;Lohann;0.004167;180.0
219;1997-12-31;0.0;7.0;12;37.0;Left;BLAS;5.0;70.0;Milieu;Ludovic;0.08;180.0
220;1996-06-24;0.0;1.0;12;26.0;Right;COCO;0.0;78.0;Attaquant;Marcus;0.04;184.0
221;1995-07-12;0.0;5.0;12;34.0;Right;SIMON;4.0;69.0;Attaquant;Moses;0.15;168.0
222;1997-11-28;0.0;8.0;12;36.0;Right;MOHAMED;2.0;78.0;Attaquant;Mostafa;0.1475;185.0
223;1989-08-16;0.0;2.0;12;30.0;Right;SISSOKO;1.0;90.0;Milieu;Moussa;0.31;187.0
224;1987-09-19;0.0;1.0;12;26.0;Left;PALLOIS;0.0;89.0;Défenseur;Nicolas;0.11;189.0
225;1992-11-06;0.0;0.0;12;26.0;Right;CHIRIVELLA;0.0;88.0;Milieu;Pedro;0.06;185.0
226;2002-05-16;0.0;1.0;12;24.0;Left;MERLIN;2.0;68.0;Milieu;Quentin;0.005833;174.0
227;1996-06-25;1.0;0.0;12;1.0;Left;DESCAMPS;0.0;82.0;Gardien;Remy;0.01;196.0
228;1996-08-12;0.0;0.0;12;35.0;Left;MOUTOUSSAMY;1.0;72.0;Milieu;Samuel;0.0175;176.0
229;2002-10-02;0.0;0.0;12;0.0;Left;YEPIE YEPIE;0.0;62.0;Milieu;Samuel;0.004167;171.0
230;1990-11-01;0.0;0.0;12;22.0;Right;CORCHIA;1.0;69.0;Défenseur;Sébastien;0.075;176.0
231;1997-01-02;0.0;0.0;158;0.0;Right;JAKUBECH;0.0;85.0;Gardien;Adam;0.020833;188.0
232;1996-11-11;0.0;1.0;158;21.0;Left;OUNAS;1.0;65.0;Milieu;Adam;0.2275;172.0
233;2000-08-31;0.0;2.0;158;36.0;Right;GOMES;7.0;56.0;Attaquant;Angel;0.059167;168.0
234;2003-01-03;0.0;1.0;158;15.0;Right;VIRGINIUS;0.0;65.0;Attaquant;Alan;0.0225;175.0
235;1999-09-21;0.0;3.0;158;21.0;Right;ALEXSANDRO;0.0;77.0;Défenseur;ALEXSANDR;0.065;192.0
236;1993-07-30;0.0;3.0;158;26.0;Right;GOMES;2.0;84.0;Milieu;André;0.563333;188.0
237;2001-01-06;0.0;3.0;158;33.0;Right;DIAKITE;0.0;74.0;Défenseur;Bafodé;0.03;185.0
238;1990-08-03;0.0;1.0;158;34.0;Right;ANDRE;1.0;76.0;Milieu;Benjamin;0.13;180.0
239;1987-07-03;41.0;0.0;158;19.0;Right;COSTIL;0.0;82.0;Gardien;Benoît;0.120833;187.0
240;1990-08-03;0.0;0.0;158;19.0;Right;BALEBA;0.0;76.0;Milieu;Carlos;0.0075;180.0
241;1999-03-31;0.0;3.0;158;22.0;Left;ZHEGROVA;4.0;66.0;Milieu;Edon;0.1;181.0
242;1999-07-16;0.0;0.0;158;0.0;Right;JOSEPH;0.0;71.0;Attaquant;Evens;0.00035;177.0
243;1999-04-29;0.0;0.0;158;18.0;Left;GUDMUNDSSON;0.0;74.0;Défenseur;Gabriel;0.033333;180.0
244;1990-01-11;0.0;2.0;158;23.0;Left;ISMAILY;2.0;82.0;Défenseur;ISMAIL;0.15;177.0
245;1990-04-09;0.0;0.0;158;12.0;Right;MARTIN;0.0;77.0;Milieu;Jonas;0.075;184.0
246;2000-01-14;0.0;24.0;158;37.0;Right;DAVID;4.0;70.0;Attaquant;Jonathan;0.14;175.0
247;1996-03-26;0.0;6.0;158;34.0;Right;BAMBA;7.0;72.0;Milieu;Jonathan;0.12;175.0
248;1983-12-22;0.0;1.0;158;31.0;Right;FONTE;0.0;81.0;Défenseur;José;0.14;191.0
249;2005-11-13;0.0;0.0;158;13.0;Right;YORO;0.0;83.0;Défenseur;Leny;0.005;190.0
250;2001-02-25;0.0;0.0;158;0.0;Right;CARNOT;0.0;73.0;Milieu;Louis;0.03;181.0
251;2001-11-06;31.0;0.0;158;32.0;Right;CHEVALIER;0.0;78.0;Gardien;Lucas;0.014167;189.0
252;1998-06-04;0.0;4.0;158;27.0;Right;BAYO;0.0;76.0;Attaquant;Mohamed;0.06;188.0
253;1990-03-08;0.0;7.0;158;32.0;Right;CABELLA;10.0;68.0;Attaquant;Rémy;0.115;172.0
254;2000-04-09;0.0;2.0;158;25.0;Right;DJALO;0.0;82.0;Défenseur;Tiago;0.0275;190.0
255;2000-02-22;0.0;0.0;158;29.0;Right;WEAH;2.0;66.0;Attaquant;Timothy;0.058333;182.0
256;2000-02-22;0.0;0.0;158;0.0;Right;NEGREL;0.0;66.0;Gardien;Tom;0.06;183.0
257;1997-01-29;0.0;1.0;158;4.0;Left;YAZICI;1.0;74.0;Milieu;Yusuf;0.088;183.0
258;1998-06-17;0.0;9.0;10;36.0;Left;NORDIN;2.0;69.0;Attaquant;Arnaud;0.0625;170.0
259;2002-09-28;0.0;0.0;10;8.0;Right;MAKOUANA;0.0;73.0;Attaquant;Beni;0.0025;181.0
260;1991-04-26;22.0;0.0;10;19.0;Left;LECOMTE;0.0;78.0;Gardien;Benjamin;0.151667;186.0
261;1996-10-21;11.0;0.0;10;5.0;Right;KAMARA;0.0;92.0;Gardien;Bingourou;0.03;196.0
262;1997-04-15;0.0;0.0;10;15.0;Right;KOUYATE;0.0;78.0;Défenseur;Boubakar;0.053333;192.0
263;1998-07-06;0.0;5.0;10;33.0;Left;MAOUASSA;5.0;73.0;Défenseur;Faitout;0.0225;170.0
264;1993-03-22;0.0;0.0;10;30.0;Right;JULLIEN;2.0;88.0;Défenseur;Christopher;0.075;196.0
265;1998-06-06;0.0;0.0;10;0.0;Right;BERTAUD;0.0;85.0;Gardien;Dimitry;0.008333;180.0
266;2002-11-23;0.0;1.0;10;21.0;Right;TCHATO;1.0;75.0;Défenseur;Enzo;0.0075;182.0
267;1995-05-01;0.0;1.0;10;34.0;Right;SACKO;3.0;68.0;Défenseur;Falaye;0.011667;179.0
268;1994-01-01;0.0;1.0;10;32.0;Left;SYLLA;1.0;75.0;Défenseur;Issiaga;0.033333;180.0
269;1992-03-12;0.0;1.0;10;34.0;Right;FERRI;2.0;73.0;Milieu;Jordan;0.12;173.0
270;2001-09-24;0.0;0.0;10;35.0;Right;CHOTARD;6.0;70.0;Milieu;Joris;0.005;179.0
271;2004-06-09;0.0;0.0;10;24.0;Right;FAYAD;2.0;61.0;Milieu;Khalil;0.01;172.0
272;2000-02-14;0.0;0.0;10;27.0;Right;LEROY;0.0;82.0;Milieu;Léo;0.021667;187.0
273;1990-02-13;0.0;1.0;10;15.0;Left;SAKHO;0.0;83.0;Défenseur;Mamadou;0.0375;187.0
274;1996-06-24;0.0;0.0;10;0.0;Right;SUAREZ;0.0;80.0;Défenseur;Mathias;0.045;182.0
275;1997-02-14;3.0;0.0;10;2.0;Right;CARVALHO;0.0;72.0;Gardien;Matis;0.001667;167.0
276;2002-05-26;0.0;0.0;10;23.0;Left;ESTEVE;0.0;87.0;Défenseur;Maxime;0.0125;193.0
277;1979-02-26;0.0;0.0;10;1.0;Right;MENDES;0.0;77.0;Défenseur;Pedro;0.045833;177.0
278;2003-01-02;0.0;19.0;10;33.0;Right;WAHI;2.0;77.0;Attaquant;Elye;0.008333;181.0
279;1998-05-31;0.0;4.0;10;26.0;Right;MAVIDIDI;1.0;71.0;Attaquant;Stephy;0.041667;182.0
280;1998-10-20;0.0;1.0;10;9.0;Left;SAINTE-LUCE;1.0;72.0;Défenseur;Théo;0.03;181.0
281;2001-02-20;0.0;0.0;10;1.0;Left;TAMAS;0.0;68.0;Défenseur;Thibault;0.020833;178.0
282;1991-12-22;0.0;12.0;10;30.0;Right;SAVANIER;4.0;69.0;Milieu;Téji;0.11;172.0
283;1990-04-17;0.0;2.0;10;31.0;Right;GERMAIN;0.0;75.0;Attaquant;Valère;0.1525;181.0
284;1991-02-08;0.0;4.0;10;27.0;Right;KHAZRI;1.0;82.0;Attaquant;Wahbi;0.25;176.0
285;1990-12-26;0.0;1.0;30;27.0;Right;RAMSEY;1.0;76.0;Milieu;Aaron;0.454167;183.0
286;2001-03-29;0.0;0.0;30;14.0;Right;BEKA BEKA;0.0;75.0;Milieu;Alexis;0.03;178.0
287;2004-05-27;0.0;0.0;30;11.0;Right;MENDY;2.0;75.0;Défenseur;Antoine;0.0075;177.0
288;2004-12-08;0.0;0.0;30;19.0;Left;BOUANANI;4.0;64.0;Milieu;Badredine;0.004167;172.0
289;2000-03-14;0.0;3.0;30;26.0;Left;BRAHIMI;1.0;73.0;Attaquant;Billal;0.011667;183.0
290;1998-12-18;0.0;0.0;30;4.0;Left;STENGS;0.0;68.0;Milieu;Calvin;0.146;187.0
291;1997-01-07;0.0;0.0;30;31.0;Right;ROSARIO;1.0;73.0;Milieu;Pablo;0.0325;188.0
292;1983-10-18;0.0;1.0;30;37.0;Left;DANTE;2.0;91.0;Défenseur;DANT;0.125;189.0
293;2006-07-22;0.0;0.0;30;0.0;Right;TRAORE;0.0;76.0;Milieu;Daouda;0.003333;186.0
294;1994-05-03;0.0;15.0;30;37.0;Left;LABORDE;3.0;78.0;Attaquant;Gaëtan;0.18;181.0
295;1999-09-23;0.0;1.0;30;27.0;Right;BOUDAOUI;2.0;61.0;Milieu;Hicham;0.024167;175.0
296;1999-09-23;0.0;0.0;30;0.0;Right;MBIANDJEU;0.0;61.0;Gardien;Jacques;0.05;175.0
297;1999-12-30;0.0;0.0;30;34.0;Right;TODIBO;0.0;88.0;Défenseur;Jean-Clair;0.098333;190.0
298;1998-09-29;0.0;0.0;30;33.0;Right;LOTOMBA;2.0;71.0;Défenseur;Jordan;0.063333;177.0
299;1993-09-17;0.0;0.0;30;6.0;Left;BRYAN;0.0;75.0;Défenseur;Joe;0.15;173.0
300;1997-10-06;0.0;0.0;30;0.0;Right;DOLBERG;0.0;82.0;Attaquant;Kasper;0.193;187.0
301;1986-11-05;35.0;0.0;30;36.0;Right;SCHMEICHEL;0.0;88.0;Gardien;Kasper;0.33;189.0
302;2001-03-26;0.0;2.0;30;35.0;Right;THURAM;4.0;81.0;Milieu;Khéphren;0.0725;192.0
303;2002-01-24;0.0;1.0;30;9.0;Left;VITI;0.0;82.0;Défenseur;Mattia;0.05;190.0
304;2000-11-06;0.0;0.0;30;33.0;Left;BARD;0.0;65.0;Défenseur;Melvin;0.016667;173.0
305;1989-11-08;0.0;0.0;30;0.0;Right;SCHNEIDERLIN;0.0;79.0;Milieu;Morgan;0.128333;186.0
306;1995-05-29;0.0;6.0;30;19.0;Left;PEPE;0.0;73.0;Attaquant;Nicolas;0.493333;183.0
307;2000-04-17;0.0;0.0;30;0.0;Right;WADE;0.0;67.0;Milieu;Paul;0.000433;179.0
308;2004-06-01;0.0;0.0;30;4.0;Right;BELAHYANE;0.0;53.0;Milieu;Reda;0.005;169.0
309;1997-11-12;0.0;0.0;30;0.0;Right;BAMBU;0.0;72.0;Défenseur;Robson;0.055;185.0
310;1993-12-05;0.0;4.0;30;27.0;Right;BARKLEY;2.0;76.0;Milieu;Ross;0.13;186.0
311;2000-06-09;0.0;2.0;30;23.0;Right;DIOP;3.0;65.0;Attaquant;Sofiane;0.085;175.0
312;2001-04-09;0.0;0.0;30;0.0;Right;BOULHENDI;0.0;77.0;Gardien;Teddy;0.001667;185.0
313;1999-05-25;0.0;18.0;30;34.0;Left;MOFFI;3.0;89.0;Attaquant;Terem;0.075;188.0
314;1999-05-25;0.0;0.0;30;0.0;Left;LOUCHET;0.0;87.0;Milieu;Tom;0.075;188.0
315;1996-05-17;0.0;1.0;30;18.0;Right;ATAL;1.0;66.0;Défenseur;Youcef;0.15;175.0
316;1998-10-27;0.0;1.0;30;10.0;Right;NDAYISHIMIYE;0.0;79.0;Défenseur;Youssouf;0.078333;183.0
317;1991-05-28;0.0;27.0;159;35.0;Right;LACAZETTE;5.0;73.0;Attaquant;Alexandre;0.45;175.0
318;2001-03-11;0.0;1.0;159;13.0;Right;SARR;1.0;83.0;Attaquant;Amin;0.125;188.0
319;1990-10-01;39.0;0.0;159;32.0;Left;LOPES;0.0;81.0;Gardien;Anthony;0.4;184.0
320;2002-09-02;0.0;5.0;159;26.0;Right;BARCOLA;8.0;70.0;Attaquant;Bradley;0.0325;186.0
321;1989-03-09;0.0;0.0;159;0.0;Left;CAMILO;0.0;82.0;Milieu;CAMIL;0.067;187.0
322;2000-10-06;0.0;0.0;159;0.0;Left;OZKACAR;0.0;90.0;Défenseur;Cenk;0.049;190.0
323;1994-08-03;0.0;1.0;159;30.0;Right;TOLISSO;2.0;81.0;Milieu;Corentin;0.4;181.0
324;1988-05-17;0.0;0.0;159;7.0;Right;DA SILVA;0.0;83.0;Défenseur;Damien;0.089167;184.0
325;1989-07-05;0.0;1.0;159;17.0;Right;LOVREN;0.0;84.0;Défenseur;Dejan;0.4;188.0
326;2003-04-02;0.0;0.0;159;0.0;Right;DA SILVA;0.0;66.0;Milieu;Florent;0.005;178.0
327;2002-02-05;0.0;0.0;159;0.0;Left;KEITA;0.0;72.0;Attaquant;Habib;0.027;182.0
328;1994-04-25;0.0;0.0;159;7.0;Left;SILVA;1.0;72.0;Défenseur;Henrique;0.027;173.0
329;1998-06-30;0.0;1.0;159;16.0;Right;AOUAR;1.0;70.0;Milieu;Houssem;0.31;175.0
330;1999-12-30;0.0;1.0;159;9.0;Right;JEFFINHO;0.0;63.0;Attaquant;JEFFINH;0.1;176.0
331;1988-09-03;0.0;0.0;159;8.0;Right;BOATENG;0.0;94.0;Défenseur;Jerome;0.4;190.0
332;2002-10-22;0.0;1.0;159;31.0;Right;LEPENANT;0.0;71.0;Milieu;Johann;0.06;176.0
333;2002-12-17;0.0;2.0;159;34.0;Left;LUKEBA;0.0;73.0;Défenseur;Castello;0.008333;184.0
334;2002-12-17;0.0;0.0;159;0.0;Left;BENGUI;0.0;73.0;Gardien;Justin;0.003;184.0
335;2001-07-22;0.0;0.0;159;0.0;Left;BONNEVIE;0.0;76.0;Gardien;Kayne;0.0075;191.0
336;2003-05-19;0.0;0.0;159;21.0;Right;GUSTO;1.0;70.0;Défenseur;Malo;0.033333;179.0
337;2005-08-29;0.0;0.0;159;1.0;Right;SARR;0.0;77.0;Défenseur;Mamadou;0.021;188.0
338;2003-08-17;0.0;4.0;159;34.0;Left;CHERKI;6.0;71.0;Attaquant;Rayan;0.21;177.0
339;2000-02-15;0.0;4.0;159;36.0;Right;CAQUERET;7.0;63.0;Milieu;Maxence;0.28;174.0
340;2000-02-15;0.0;0.0;159;1.0;Right;EL-AROUCH;0.0;63.0;Milieu;Mohamed;0.0125;174.0
341;1987-07-16;0.0;3.0;159;23.0;Left;DEMBELE;0.0;85.0;Attaquant;Moussa;0.26;185.0
342;1992-08-31;0.0;1.0;159;34.0;Left;TAGLIAFICO;3.0;65.0;Défenseur;Nicolás;0.379167;172.0
343;1987-08-06;8.0;0.0;159;7.0;Right;RIOU;0.0;81.0;Gardien;Rémy;0.035;189.0
344;2005-03-26;0.0;0.0;159;20.0;Right;KUMBEDI;2.0;63.0;Défenseur;Saël;0.005;175.0
345;2005-03-26;0.0;0.0;159;0.0;Right;BOSSIWA-BESSOLO;0.0;63.0;Milieu;Samuel;0.04;175.0
346;2001-04-09;0.0;0.0;159;24.0;Right;DIOMANDE;0.0;74.0;Défenseur;Sinaly;0.050833;184.0
347;1992-03-15;0.0;1.0;159;31.0;Right;MENDES;1.0;75.0;Défenseur;Thiago;0.3;177.0
348;1988-12-19;0.0;14.0;1;35.0;Right;SANCHEZ;1.0;62.0;Attaquant;Alexis;0.5;169.0
349;1997-06-18;0.0;0.0;1;10.0;Right;HARIT;0.0;67.0;Milieu;Amine;0.258333;180.0
350;2000-04-19;0.0;1.0;1;22.0;Right;OUNAHI;0.0;62.0;Milieu;Azzedine;0.345833;182.0
351;2003-02-19;0.0;0.0;1;0.0;Right;ELMAZ;0.0;67.0;Milieu;Bartug;0.0075;179.0
352;2003-11-28;0.0;0.0;1;0.0;Left;NADIR;0.0;62.0;Milieu;Bilal;0.011;179.0
353;1997-07-14;0.0;5.0;1;37.0;Left;ÜNDER;4.0;66.0;Attaquant;Cengiz;0.33;173.0
354;1994-08-08;0.0;5.0;1;36.0;Right;MBEMBA;0.0;81.0;Défenseur;Chancel;0.32;182.0
355;1987-03-29;0.0;4.0;1;24.0;Right;PAYET;3.0;77.0;Milieu;Dimitri;0.5;175.0
356;1994-04-12;0.0;0.0;1;17.0;Right;BAILLY;0.0;77.0;Défenseur;Eric;0.45;187.0
357;2004-06-16;0.0;0.0;1;1.0;Right;MUGHE;0.0;73.0;Attaquant;François;0.046;173.0
358;2001-05-12;0.0;1.0;1;22.0;Right;KABORÉ;0.0;72.0;Défenseur;Issa;0.055;180.0
359;1992-09-25;0.0;2.0;1;34.0;Right;CLAUSS;11.0;69.0;Défenseur;Jonathan;0.275;178.0
360;1994-03-09;0.0;0.0;1;0.0;Left;AMAVI;0.0;70.0;Défenseur;Jordan;0.125;176.0
361;1993-03-01;0.0;4.0;1;38.0;Right;VERETOUT;3.0;67.0;Milieu;Jordan;0.55;177.0
362;2003-02-02;0.0;0.0;1;0.0;Right;RAHOU;0.0;69.0;Milieu;Jores;0.003;176.0
363;2001-07-16;0.0;0.0;1;0.0;Right;DE LA FUENTE;0.0;63.0;Attaquant;Konrad;0.054;170.0
364;1999-01-26;0.0;0.0;1;35.0;Right;BALERDI;1.0;85.0;Défenseur;Leonardo;0.0825;187.0
365;1999-04-14;0.0;2.0;1;33.0;Right;GUENDOUZI;5.0;68.0;Milieu;Matteo;0.32;185.0
366;2000-10-09;0.0;0.0;1;0.0;Left;AHMED;0.0;69.0;Milieu;Nassim;0.007;174.0
367;2000-01-26;0.0;6.0;1;31.0;Left;TAVARES;0.0;75.0;Défenseur;Nuno;0.139167;183.0
368;1999-01-24;0.0;1.0;1;14.0;Left;GUEYE;1.0;79.0;Milieu;Pape;0.125;189.0
369;1994-12-13;34.0;0.0;1;33.0;Left;LOPEZ;2.0;77.0;Gardien;Pau;0.320833;189.0
370;2000-03-30;0.0;0.0;1;0.0;Right;RUIZ DELGADO;0.0;89.0;Attaquant;Pedro;0.321;198.0
371;1997-08-13;0.0;0.0;1;0.0;Right;LIROLA;0.0;70.0;Défenseur;Pol;0.321;183.0
372;1995-07-25;6.0;0.0;1;6.0;Right;BLANCO;0.0;70.0;Gardien;Ruben;0.195;188.0
373;1993-05-04;0.0;1.0;1;20.0;Left;MALINOVSKYI;1.0;79.0;Milieu;Ruslan;0.35;181.0
374;1993-10-12;0.0;2.0;1;26.0;Right;GIGOT;2.0;83.0;Défenseur;Samuel;0.189167;187.0
375;1993-06-20;0.0;4.0;1;33.0;Left;KOLASINAC;1.0;85.0;Défenseur;Sead;0.215;183.0
376;2003-04-12;0.0;0.0;1;0.0;Right;NGAPANDOUENTNBU;0.0;74.0;Gardien;Simon;0.006667;186.0
377;1994-12-07;0.0;1.0;1;36.0;Right;RONGIER;2.0;67.0;Milieu;Valentin;0.33;172.0
378;2000-02-13;0.0;2.0;13;36.0;Right;VITINHA;3.0;64.0;Milieu;VITINH;0.25;172.0
379;1996-05-04;0.0;0.0;13;0.0;Left;DIALLO;0.0;79.0;Défenseur;Abdou;0.347;187.0
380;1998-11-04;0.0;5.0;13;28.0;Right;HAKIMI;2.0;73.0;Défenseur;Achraf;1.2125;181.0
381;1990-12-11;0.0;0.0;13;1.0;Right;LETELLIER;0.0;93.0;Gardien;Alexandre;0.05;193.0
382;1989-08-14;0.0;0.0;13;0.0;Right;HERRERA;0.0;71.0;Milieu;Ander;0.25;182.0
383;1997-01-02;0.0;3.0;13;26.0;Right;SOLER;1.0;76.0;Milieu;Carlos;0.5;180.0
384;1991-09-09;0.0;2.0;13;33.0;Right;PEREIRA;0.0;83.0;Milieu;Danilo;0.266667;188.0
385;2005-05-16;0.0;0.0;13;13.0;Left;BITSHIABU;0.0;96.0;Défenseur;El Chadaille;0.044167;196.0
386;1996-04-03;0.0;3.0;13;27.0;Left;RUIZ;2.0;70.0;Milieu;Fabian;0.758;189.0
387;1990-11-11;0.0;0.0;13;0.0;Right;WIJNALDUM;0.0;74.0;Milieu;Georginio;0.417;175.0
388;1999-02-25;40.0;0.0;13;38.0;Right;DONNARUMMA;0.0;90.0;Gardien;Gianluigi;1.060833;196.0
389;2002-06-20;0.0;3.0;13;25.0;Right;EKITIKE;4.0;70.0;Attaquant;Hugo;0.4;189.0
390;2002-06-20;0.0;0.0;13;0.0;Right;LAMY;0.0;70.0;Défenseur;Hugo;0.583;189.0
391;2004-04-10;0.0;0.0;13;6.0;Right;GHARBI;0.0;58.0;Milieu;Ismaël;0.0125;167.0
392;1993-03-01;0.0;1.0;13;28.0;Left;BERNAT;3.0;67.0;Défenseur;Juan;0.73;170.0
393;1993-09-20;0.0;0.0;13;0.0;Right;DRAXLER;0.0;77.0;Milieu;Julian;0.36;185.0
394;1986-12-15;0.0;0.0;13;0.0;Right;NAVAS;0.0;80.0;Gardien;Keylor;1.363333;185.0
395;1998-12-20;0.0;29.0;13;34.0;Right;MBAPPE;6.0;75.0;Attaquant;Kylian;6.0;182.0
396;1992-09-04;0.0;0.0;13;0.0;Left;KURZAWA;0.0;74.0;Défenseur;Layvin;0.5;182.0
397;1994-06-29;0.0;0.0;13;3.0;Right;PAREDES;1.0;75.0;Milieu;Leandro;0.583;180.0
398;1987-06-24;0.0;16.0;13;32.0;Left;MESSI;16.0;67.0;Attaquant;Lionel;5.303333;169.0
399;1994-05-14;0.0;2.0;13;33.0;Right;MARQUINHOS;0.0;75.0;Défenseur;MARQUINHO;1.2;183.0
400;1992-11-05;0.0;0.0;13;29.0;Right;VERRATTI;1.0;60.0;Milieu;Marco;1.2;165.0
401;1993-02-19;0.0;0.0;13;0.0;Right;ICARDI;0.0;79.0;Attaquant;Mauro;0.909167;181.0
402;1997-11-01;0.0;0.0;13;19.0;Right;MUKIELE;4.0;84.0;Défenseur;Nordi;0.7;187.0
403;2002-06-19;0.0;1.0;13;23.0;Left;MENDES;5.0;70.0;Défenseur;Nuno;0.12;176.0
404;1995-08-13;0.0;0.0;13;11.0;Left;KIMPEMBE;0.0;80.0;Défenseur;Presnel;0.64;189.0
405;1997-08-18;0.0;2.0;13;23.0;Right;SANCHES;0.0;70.0;Milieu;Renato;0.54;176.0
406;1997-08-18;0.0;0.0;13;0.0;Right;NOIREAU-DAURIAT;0.0;70.0;Attaquant;Samuel;0.417;176.0
407;1986-03-30;0.0;2.0;13;33.0;Right;RAMOS;1.0;82.0;Défenseur;Sergio;0.908333;184.0
408;1993-09-01;0.0;0.0;13;0.0;Right;RICO;0.0;90.0;Gardien;Sergio;0.170833;196.0
409;2002-09-09;0.0;0.0;13;5.0;Right;PEMBELE;1.0;76.0;Défenseur;Timothée;0.026667;182.0
410;2002-09-09;0.0;0.0;13;0.0;Right;MUNTU-WA-MUNGU;0.0;80.0;Défenseur;Vimoj;0.025;183.0
411;2006-03-08;0.0;2.0;13;26.0;Right;ZAÏRE-EMERY;0.0;68.0;Milieu;Warren;0.020833;178.0
412;1996-07-12;0.0;0.0;6;8.0;Left;BUKSA;0.0;88.0;Attaquant;Adam;0.085;193.0
413;2001-08-29;0.0;0.0;6;0.0;Right;OUDJANI;0.0;75.0;Attaquant;Adam;0.004167;185.0
414;2000-02-01;0.0;0.0;6;0.0;Left;LOUVEAU;0.0;86.0;Défenseur;Adrien;0.0025;189.0
415;1998-06-06;0.0;5.0;6;22.0;Right;CLAUDE-MAURICE;3.0;64.0;Attaquant;Alexis;0.1;175.0
416;1996-08-20;0.0;1.0;6;17.0;Right;FULGINI;1.0;77.0;Milieu;Angelo;0.151667;182.0
417;1994-04-25;28.0;0.0;6;37.0;Left;SAMBA;0.0;90.0;Gardien;Brice;0.1;187.0
418;2001-01-05;0.0;1.0;6;31.0;Left;PEREIRA DA COSTA;3.0;64.0;Milieu;David;0.0025;168.0
419;1993-09-02;0.0;4.0;6;33.0;Left;MACHADO;2.0;75.0;Défenseur;Deiver;0.028333;180.0
420;1999-05-28;0.0;2.0;6;32.0;Left;MEDINA;3.0;77.0;Défenseur;Facundo;0.01;184.0
421;1990-10-25;0.0;7.0;6;38.0;Right;SOTOCA;9.0;77.0;Attaquant;Florian;0.02;187.0
422;2000-02-16;0.0;21.0;6;38.0;Right;OPENDA;4.0;79.0;Attaquant;Loïs;0.07;177.0
423;2000-08-14;0.0;0.0;6;9.0;Left;BOURA;0.0;68.0;Défenseur;Ismaël;0.001667;173.0
424;2000-01-08;0.0;0.0;6;21.0;Right;ONANA;0.0;85.0;Milieu;Jean;0.035;189.0
425;1985-09-21;1.0;0.0;6;1.0;Right;LECA;0.0;75.0;Gardien;Jean-Louis;0.028333;180.0
426;1994-04-18;0.0;0.0;6;11.0;Right;CABOT;1.0;64.0;Défenseur;Jimmy;0.06;164.0
427;1992-11-24;0.0;1.0;6;33.0;Right;GRADIT;2.0;75.0;Défenseur;Jonathan;0.014167;180.0
428;1997-08-03;0.0;0.0;6;8.0;Right;LE CARDINAL;0.0;74.0;Défenseur;Julien;0.04;184.0
429;1998-09-19;0.0;1.0;6;37.0;Right;DANSO;1.0;85.0;Défenseur;Kevin;0.003333;190.0
430;2000-03-13;0.0;0.0;6;10.0;Right;POREBA;1.0;70.0;Milieu;Lukasz;0.0075;180.0
431;2001-02-07;0.0;0.0;6;0.0;Right;CAMARA;0.0;71.0;Milieu;Mamadou;0.001667;186.0
432;1992-12-02;0.0;0.0;6;36.0;Left;HAIDARA;1.0;76.0;Défenseur;Massadio;0.02;179.0
433;1998-03-10;0.0;0.0;6;0.0;Right;GUILAVOGUI;0.0;82.0;Attaquant;Morgan;0.071;189.0
434;1995-04-12;0.0;5.0;6;37.0;Right;FRANKOWSKI;3.0;70.0;Milieu;Przemyslaw;0.024167;175.0
435;2000-03-26;0.0;1.0;6;33.0;Right;ABDUL SAMED;1.0;69.0;Milieu;Salis;0.0225;179.0
436;1995-05-07;0.0;7.0;6;35.0;Right;FOFANA;5.0;74.0;Milieu;Seko;0.15;185.0
437;1992-04-17;0.0;0.0;6;1.0;Right;FORTES;0.0;85.0;Défenseur;Steven;0.025833;192.0
438;1995-04-19;0.0;5.0;6;21.0;Right;SAID;0.0;72.0;Attaquant;Wesley;0.035833;171.0
439;1998-02-15;0.0;0.0;6;0.0;Right;FARINEZ;0.0;77.0;Gardien;Wuilker;0.039167;180.0
440;2001-05-01;0.0;0.0;6;0.0;Left;PANDOR;0.0;79.0;Gardien;Yannick;0.005;192.0
441;2001-05-01;0.0;0.0;6;0.0;Right;FOFANA;0.0;79.0;Milieu;Yaya;0.005;192.0
442;1996-02-15;0.0;0.0;41;0.0;Right;OLLIERO;0.0;85.0;Gardien;Alexandre;0.027;193.0
443;2000-01-18;0.0;4.0;41;33.0;Right;FLIPS;6.0;65.0;Milieu;Alexis;0.016667;173.0
444;1996-08-29;0.0;0.0;41;0.0;Right;DONIS;0.0;77.0;Attaquant;Anastasios;0.011;178.0
445;1998-02-08;0.0;0.0;41;13.0;Right;GRAVILLON;0.0;80.0;Défenseur;Andreaw;0.0075;185.0
446;1995-02-25;0.0;0.0;41;23.0;Right;ZENELI;2.0;72.0;Milieu;Arber;0.06;176.0
447;1998-04-28;0.0;0.0;41;30.0;Right;MATUSIWA;0.0;72.0;Milieu;Azor;0.06;173.0
448;1999-09-29;0.0;0.0;41;0.0;Right;MARESIC;0.0;74.0;Défenseur;Dario;0.043;183.0
449;2002-02-02;0.0;0.0;41;29.0;Right;LOPY;1.0;79.0;Milieu;Dion;0.008333;186.0
450;1997-06-17;0.0;0.0;41;29.0;Right;AGBADOU;2.0;86.0;Défenseur;Emmanuel;0.05;192.0
451;2000-06-20;0.0;0.0;41;0.0;Right;DUPARCHY;0.0;78.0;Gardien;Florent;0.003333;187.0
452;2001-07-03;0.0;21.0;41;37.0;Right;BALOGUN;2.0;66.0;Attaquant;Folarin;0.15;178.0
453;1999-09-13;0.0;0.0;41;0.0;Right;HORNBY;0.0;85.0;Attaquant;Fraser;0.035;195.0
454;2003-10-31;0.0;0.0;41;3.0;Right;DIAKITE;0.0;75.0;Défenseur;Ibrahim;0.013;178.0
455;1999-08-10;0.0;3.0;41;31.0;Right;CAJUSTE;1.0;77.0;Milieu;Jens;0.06;188.0
456;1993-03-09;0.0;6.0;41;35.0;Right;ITO;5.0;66.0;Attaquant;Junya;0.1;176.0
457;1998-04-27;0.0;0.0;41;14.0;Right;SIERHUIS;0.0;83.0;Attaquant;Kaj;0.031667;180.0
458;2003-02-18;0.0;2.0;41;26.0;Right;DOUMBIA;2.0;53.0;Milieu;Kamory;0.003333;170.0
459;1996-06-22;0.0;7.0;41;34.0;Right;MUNETSI;2.0;83.0;Milieu;Marshall;0.06;188.0
460;1999-10-14;0.0;0.0;41;21.0;Right;BUSI;1.0;78.0;Défenseur;Maxime;0.090833;182.0
461;1999-08-27;0.0;0.0;41;28.0;Right;VAN BERGEN;1.0;62.0;Attaquant;Mitchell;0.029167;170.0
462;1999-02-14;0.0;1.0;41;9.0;Right;MAOLIDA;0.0;78.0;Milieu;Myziane;0.0125;181.0
463;1981-02-28;0.0;0.0;41;0.0;Left;PENNETEAU;0.0;78.0;Gardien;Nicolas;0.016667;185.0
464;2001-05-23;0.0;0.0;41;8.0;Right;HOLM;0.0;87.0;Attaquant;Noah;0.0125;186.0
465;1999-05-26;0.0;0.0;41;1.0;Left;GUITANE;0.0;64.0;Milieu;Rafik;0.009167;170.0
466;1998-06-05;0.0;0.0;41;22.0;Left;DE SMET;1.0;65.0;Défenseur;Thibault;0.0125;183.0
467;1994-09-25;0.0;0.0;41;24.0;Right;FOKET;1.0;72.0;Défenseur;Thomas;0.06;177.0
468;1993-02-07;0.0;0.0;41;0.0;Right;BERISHA;0.0;81.0;Milieu;Valon;0.062;176.0
469;1999-11-16;31.0;0.0;41;31.0;Right;DIOUF;0.0;74.0;Gardien;Yehvann;0.05;184.0
470;1987-09-28;0.0;1.0;41;37.0;Left;ABDELHAMID;1.0;83.0;Défenseur;Yunis;0.1;190.0
471;2001-11-20;0.0;0.0;14;28.0;Left;TRUFFERT;5.0;70.0;Défenseur;Adrien;0.0125;176.0
472;1993-09-05;0.0;0.0;14;0.0;Right;GOMIS;0.0;80.0;Gardien;Alfred;0.045833;196.0
473;2000-02-16;0.0;15.0;14;36.0;Right;GOUIRI;3.0;83.0;Attaquant;Amine;0.1;181.0
474;2002-01-20;0.0;7.0;14;30.0;Right;KALIMUENDO;4.0;79.0;Attaquant;Arnaud;0.125;175.0
475;2000-05-25;0.0;4.0;14;35.0;Left;THEATE;0.0;78.0;Défenseur;Arthur;0.2425;185.0
476;1995-03-09;0.0;2.0;14;25.0;Right;SANTAMARIA;0.0;81.0;Milieu;Baptiste;0.130833;183.0
477;1994-01-14;0.0;7.0;14;37.0;Right;BOURIGEAUD;8.0;70.0;Milieu;Benjamin;0.19;178.0
478;1994-12-17;0.0;0.0;14;27.0;Left;MELING;1.0;67.0;Défenseur;Birger;0.13;173.0
479;2004-03-26;0.0;0.0;14;26.0;Right;UGOCHUKWU;1.0;88.0;Milieu;Lesley;0.003333;191.0
480;2001-09-18;0.0;0.0;14;14.0;Right;WOOH;0.0;91.0;Défenseur;Christopher;0.02;191.0
481;2000-08-09;0.0;0.0;14;8.0;Right;SPENCE;0.0;71.0;Défenseur;Djed;0.120833;185.0
482;2002-10-29;8.0;0.0;14;6.0;Right;ALEMDAR;0.0;73.0;Gardien;Dogan;0.010833;189.0
483;2005-06-03;0.0;3.0;14;26.0;Right;DOUE;1.0;71.0;Milieu;Désiré;0.03;181.0
484;2002-10-17;0.0;0.0;14;0.0;Right;DAMERGY;0.0;74.0;Gardien;Elias;0.004167;186.0
485;1993-02-02;0.0;2.0;14;30.0;Right;TAIT;2.0;73.0;Milieu;Flavien;0.12;176.0
486;1992-01-27;0.0;1.0;14;31.0;Right;TRAORE;4.0;70.0;Défenseur;Hamari;0.18;175.0
487;1987-04-01;0.0;0.0;14;13.0;Right;SALAH;0.0;70.0;Attaquant;Ibrahim;0.09;176.0
488;2005-02-17;0.0;0.0;14;8.0;Right;BELOCIAN;0.0;73.0;Défenseur;Jeanuël;0.0025;182.0
489;1997-10-22;0.0;1.0;14;16.0;Right;RODON;0.0;88.0;Défenseur;Joe;0.048333;193.0
490;2002-05-27;0.0;6.0;14;29.0;Right;DOKU;1.0;77.0;Attaquant;Jérémy;0.13;173.0
491;1992-09-14;0.0;7.0;14;36.0;Right;TOKO EKAMBI;4.0;70.0;Attaquant;Karl;0.1275;182.0
492;2000-06-22;0.0;0.0;14;12.0;Right;ASSIGNON;1.0;76.0;Défenseur;Lorenz;0.020833;181.0
493;1998-01-17;0.0;2.0;14;32.0;Left;MAJER;4.0;76.0;Milieu;Lovro;0.13;178.0
494;1997-03-04;0.0;9.0;14;16.0;Right;TERRIER;4.0;78.0;Attaquant;Martin;0.25;184.0
495;1994-11-10;0.0;0.0;14;8.0;Right;XEKA;0.0;80.0;Milieu;XEK;0.125;186.0
496;1984-07-29;0.0;0.0;14;0.0;Left;SALIN;0.0;76.0;Gardien;Romain;0.0575;189.0
497;1985-03-28;31.0;0.0;14;34.0;Right;MANDANDA;1.0;88.0;Gardien;Steve;0.545833;187.0
498;2001-01-31;0.0;0.0;14;0.0;Left;PETIT;0.0;72.0;Milieu;Victor;0.19;180.0
499;2000-04-23;0.0;0.0;14;16.0;Right;OMARI;0.0;74.0;Milieu;Warmed;0.0025;188.0
500;1994-08-09;0.0;1.0;15;31.0;Right;DJIKU;1.0;81.0;Défenseur;Alexander;0.07;182.0
501;2001-02-25;0.0;0.0;15;0.0;Right;PIERRE;0.0;83.0;Gardien;Alexandre;0.0025;190.0
502;1998-09-09;0.0;0.0;15;21.0;Right;DAGBA;0.0;62.0;Défenseur;Colin;0.055;170.0
503;1988-02-13;0.0;0.0;15;28.0;Left;LIENARD;0.0;77.0;Milieu;Dimitri;0.050833;181.0
504;1995-04-20;0.0;0.0;15;15.0;Left;SOBOL;1.0;73.0;Défenseur;Eduard;0.06;186.0
505;1983-03-20;0.0;0.0;15;0.0;Right;KAWASHIMA;0.0;82.0;Gardien;Eiji;0.030833;185.0
506;1994-12-24;0.0;0.0;15;18.0;Right;GUILBERT;1.0;78.0;Défenseur;Frédéric;0.106667;178.0
507;1997-01-22;0.0;1.0;15;20.0;Right;NYAMSI;1.0;94.0;Défenseur;Gerzino;0.0375;195.0
508;1997-10-27;0.0;0.0;15;26.0;Right;SISSOKO;2.0;90.0;Milieu;Ibrahima;0.0275;193.0
509;2003-07-24;0.0;1.0;15;28.0;Right;DOUKOURE;1.0;80.0;Défenseur;Ismaël;0.033333;183.0
510;1998-06-27;0.0;2.0;15;30.0;Right;BELLEGARDE;4.0;70.0;Milieu;Jeanricner;0.028333;170.0
511;1998-06-27;0.0;0.0;15;0.0;Right;DRAME;0.0;70.0;Défenseur;Kanfory;0.059;170.0
512;1998-06-13;0.0;0.0;15;2.0;Right;FILA;0.0;76.0;Défenseur;Karol;0.016667;183.0
513;1987-05-09;0.0;10.0;15;34.0;Right;GAMEIRO;0.0;69.0;Attaquant;Kévin;0.12;172.0
514;1996-01-28;0.0;3.0;15;19.0;Right;MOTHIBA;0.0;78.0;Attaquant;Lebo;0.07;182.0
515;1998-11-19;0.0;0.0;15;26.0;Right;PERRIN;0.0;81.0;Défenseur;Lucas;0.008333;188.0
516;1992-02-26;59.0;0.0;15;38.0;Right;SELS;0.0;75.0;Gardien;Matz;0.09;188.0
517;1989-10-11;0.0;0.0;15;26.0;Left;LE MARCHAND;0.0;77.0;Défenseur;Maxime;0.033333;185.0
518;1994-08-18;0.0;1.0;15;18.0;Right;SANSON;2.0;73.0;Milieu;Morgan;0.216667;180.0
519;1995-06-15;0.0;20.0;15;37.0;Right;DIALLO;1.0;79.0;Attaquant;Habib;0.050833;186.0
520;2004-01-03;0.0;3.0;15;29.0;Right;DIARRA;2.0;74.0;Milieu;Habib;0.107;179.0
521;2001-10-31;0.0;0.0;15;7.0;Left;KANDIL;1.0;55.0;Milieu;Nordine;0.003333;165.0
522;2004-12-02;0.0;0.0;15;0.0;Right;RISSER;0.0;82.0;Gardien;Robin;0.025;193.0
523;1993-11-20;0.0;1.0;15;29.0;Right;PRCIC;1.0;75.0;Milieu;Sanjin;0.07;181.0
524;1992-03-24;0.0;0.0;15;17.0;Left;DELAINE;2.0;71.0;Défenseur;Thomas;0.043333;180.0
525;2001-10-25;0.0;1.0;15;3.0;Right;SUZUKI;0.0;66.0;Milieu;Yuito;0.0075;175.0
526;1995-11-08;0.0;2.0;16;34.0;Right;ONAIWU;1.0;75.0;Attaquant;Ado;0.05;180.0
527;2001-05-29;0.0;2.0;16;37.0;Right;ROUAULT;1.0;77.0;Défenseur;Anthony;0.0075;186.0
528;1995-07-21;0.0;5.0;16;35.0;Right;VAN DEN BOOMEN;8.0;75.0;Milieu;Branco;0.07;188.0
529;1991-05-29;0.0;4.0;16;30.0;Right;DEJAEGERE;1.0;71.0;Milieu;Brecht;0.06;173.0
530;2001-08-14;0.0;0.0;16;5.0;Left;ZANDEN;0.0;74.0;Défenseur;Oliver;0.02;179.0
531;1998-06-12;0.0;0.0;16;0.0;Right;HAUG;0.0;85.0;Gardien;Kjetil;0.025;187.0
532;1998-06-12;0.0;0.0;16;2.0;Right;MAWISSA ELEBI;0.0;83.0;Défenseur;Christian;0.025;190.0
533;1999-05-21;0.0;0.0;16;20.0;Right;GENREAU;1.0;75.0;Milieu;Denis;0.015;175.0
534;2002-11-28;0.0;5.0;16;36.0;Right;CHAÏBI;6.0;79.0;Milieu;Fares;0.01;183.0
535;1997-08-09;0.0;0.0;16;18.0;Left;SUAZO;1.0;72.0;Défenseur;Gabriel;0.05;178.0
536;2005-03-11;0.0;0.0;16;0.0;Left;RESTES;0.0;82.0;Gardien;Guillaume;0.053;186.0
537;2004-01-26;0.0;0.0;16;11.0;Right;KEBEN;0.0;85.0;Défenseur;Kévin;0.005;190.0
538;1998-07-03;0.0;0.0;16;0.0;Right;SERBER;0.0;70.0;Milieu;Kléri;0.011;172.0
539;2001-04-01;0.0;0.0;16;6.0;Right;COSTA;0.0;87.0;Défenseur;Logan;0.024167;188.0
540;1993-03-04;57.0;0.0;16;38.0;Right;DUPE;0.0;88.0;Gardien;Maxime;0.021667;188.0
541;1995-02-19;0.0;1.0;16;27.0;Right;DESLER;2.0;73.0;Défenseur;Mikkel;0.05;184.0
542;2000-11-10;0.0;0.0;16;23.0;Left;DIARRA;2.0;73.0;Défenseur;Moussa;0.005833;185.0
543;2002-05-07;0.0;0.0;16;2.0;Left;SKYTTA;0.0;69.0;Milieu;Naatan;0.01;170.0
544;1995-11-30;0.0;5.0;16;30.0;Right;RATAO;4.0;82.0;Attaquant;Rafael;0.041667;183.0
545;1997-03-16;0.0;0.0;16;34.0;Left;NICOLAISEN;2.0;81.0;Défenseur;Rasmus;0.045833;191.0
546;2000-11-12;0.0;0.0;16;6.0;Right;HAMULIC;0.0;76.0;Attaquant;Said;0.04;188.0
547;1996-03-12;0.0;2.0;16;36.0;Right;SPIERINGS;0.0;81.0;Milieu;Stijn;0.013333;188.0
548;2000-08-20;0.0;0.0;16;1.0;Right;TSINGARAS;0.0;70.0;Milieu;Theocharis;0.02;175.0
549;2000-08-03;0.0;12.0;16;36.0;Right;DALLINGA;1.0;72.0;Attaquant;Thijs;0.01;180.0
550;2001-01-17;0.0;0.0;16;0.0;Right;HIMEUR;0.0;72.0;Gardien;Thomas;0.001667;187.0
551;2001-02-09;0.0;0.0;16;0.0;Left;RAPNOUIL;0.0;68.0;Défenseur;Tom;0.01;188.0
552;1998-03-05;0.0;0.0;16;25.0;Right;BIRMANCEVIC;0.0;69.0;Attaquant;Veljko;0.045;179.0
553;1995-10-08;0.0;0.0;16;15.0;Right;SIERRO;0.0;79.0;Milieu;Vincent;0.03;187.0
554;2000-11-11;0.0;0.0;16;11.0;Right;KAMANZI;0.0;70.0;Défenseur;Warren;0.02;177.0
555;2000-02-18;0.0;10.0;16;37.0;Left;ABOUKHLAL;3.0;73.0;Attaquant;Zakaria;0.025;179.0
556;1998-03-24;0.0;1.0;33;19.0;Left;CONTE;2.0;78.0;Défenseur;Abdu;0.058333;183.0
557;1985-12-27;0.0;0.0;33;20.0;Right;RAMI;0.0;90.0;Défenseur;Adil;0.065;190.0
558;2003-11-03;0.0;0.0;33;3.0;Right;TIBIDI;0.0;80.0;Attaquant;Alexis;0.024167;187.0
559;1999-01-16;0.0;0.0;33;27.0;Right;BRUUS;2.0;67.0;Défenseur;Andreas;0.0225;183.0
560;2000-04-06;0.0;1.0;33;2.0;Right;PALAVERSA;0.0;77.0;Milieu;Ante;0.065;187.0
561;2003-05-07;0.0;0.0;33;8.0;Right;ZOUKROU;0.0;78.0;Défenseur;Tanguy;0.005;189.0
562;2004-06-01;0.0;0.0;33;0.0;Right;N'JO;0.0;80.0;Défenseur;Eric;0.005;187.0
563;1997-04-24;0.0;0.0;33;38.0;Right;PALMER-BROWN;0.0;88.0;Défenseur;Erik;0.055;187.0
564;1992-04-22;0.0;3.0;33;15.0;Right;TARDIEU;0.0;70.0;Milieu;Florian;0.08;184.0
565;1993-04-23;65.0;0.0;33;30.0;Right;GALLON;0.0;79.0;Gardien;Gauthier;0.03;186.0
566;1998-09-21;0.0;2.0;33;25.0;Right;UGBO;1.0;73.0;Attaquant;Iké;0.08;185.0
567;2000-08-04;0.0;2.0;33;22.0;Right;POROZO;0.0;84.0;Défenseur;Jackson;0.055;192.0
568;1998-01-17;0.0;0.0;33;20.0;Right;REINE-ADELAIDE;1.0;75.0;Attaquant;Jeff;0.1;184.0
569;1986-01-13;0.0;0.0;33;0.0;Right;MOULIN;0.0;80.0;Gardien;Jessy;0.016667;184.0
570;1986-01-13;0.0;0.0;33;0.0;Right;ASSOUMOU;0.0;88.0;Attaquant;Jaurès;0.055;185.0
571;1998-09-05;0.0;0.0;33;0.0;Right;LUMEKA;0.0;71.0;Attaquant;Levi;0.005;170.0
572;2002-02-09;0.0;0.0;33;15.0;Right;AGOUME;1.0;72.0;Milieu;Lucien;0.055;188.0
573;1999-07-02;0.0;0.0;33;0.0;Left;ILIC;0.0;73.0;Milieu;Luka;0.047;182.0
574;1995-11-06;0.0;12.0;33;34.0;Right;BALDÉ;3.0;69.0;Attaquant;Mama;0.063;176.0
575;1995-12-28;0.0;7.0;33;32.0;Left;LOPES;4.0;68.0;Attaquant;Rony;0.183333;174.0
576;1996-09-20;0.0;0.0;33;2.0;Right;MORENO;0.0;66.0;Milieu;Marlos;0.18;171.0
577;1997-02-27;16.0;0.0;33;9.0;Right;LIS;0.0;83.0;Gardien;Mateusz;0.025;192.0
578;2003-04-23;0.0;0.0;33;0.0;Right;METINHO;0.0;69.0;Milieu;METINH;0.002;178.0
579;1996-12-17;0.0;1.0;33;32.0;Left;KOUAMÉ;2.0;68.0;Milieu;Rominigue;0.055;177.0
580;2000-01-05;0.0;0.0;33;14.0;Left;YADE;2.0;76.0;Milieu;Papa Ndiaga;0.0225;185.0
581;1993-03-14;0.0;4.0;33;26.0;Right;RIPART;0.0;73.0;Attaquant;Renaud;0.07;181.0
582;2002-06-10;0.0;0.0;33;31.0;Right;BALDE;1.0;68.0;Défenseur;Thierno;0.0125;182.0
583;2002-06-10;0.0;0.0;33;0.0;Right;AKPAKOUN;0.0;68.0;Défenseur;Tom;0.003;182.0
584;2004-11-28;0.0;4.0;33;32.0;Right;ODOBERT;2.0;75.0;Milieu;Wilson;0.003333;182.0
585;1991-03-07;0.0;4.0;33;34.0;Left;CHAVALERIN;2.0;66.0;Milieu;Xavier;0.065;178.0
586;2001-01-01;0.0;1.0;33;30.0;Left;LAROUCI;1.0;68.0;Défenseur;Yasser;0.001667;176.0
587;1992-11-21;0.0;1.0;33;32.0;Right;SALMIER;0.0;85.0;Défenseur;Yoann;0.055;188.0
588;1992-02-05;0.0;13.0;13;20.0;Right;NEYMAR;11;68.0;Attaquant;Neymar;2.39;175.0
